mode,path,status,file_bytes
baseline,/assets/images/favicon.png,200,1870
baseline,/assets/javascripts/bundle.d7400e89.min.js,200,114286
baseline,/assets/javascripts/lunr/min/lunr.ru.min.js,200,10331
baseline,/assets/javascripts/lunr/min/lunr.stemmer.support.min.js,200,3647
baseline,/assets/javascripts/workers/search.2c215733.min.js,200,39481
baseline,/assets/stylesheets/main.ec1eaa64.min.css,200,139846
baseline,/assets/stylesheets/palette.ab4e12ef.min.css,200,12641
baseline,/lab2/p5/daly.png,200,41052
baseline,/lab2/p5/results/,200,21759
baseline,/search/search_index.json,200,93534
baseline,/stylesheets/extra.css,200,1039
baseline,/versions.json,404,0
self_only_csp,/assets/images/favicon.png,200,1870
self_only_csp,/assets/javascripts/bundle.d7400e89.min.js,200,114286
self_only_csp,/assets/javascripts/lunr/min/lunr.ru.min.js,200,10331
self_only_csp,/assets/javascripts/lunr/min/lunr.stemmer.support.min.js,200,3647
self_only_csp,/assets/javascripts/workers/search.2c215733.min.js,200,39481
self_only_csp,/assets/stylesheets/main.ec1eaa64.min.css,200,139846
self_only_csp,/assets/stylesheets/palette.ab4e12ef.min.css,200,12641
self_only_csp,/lab2/p5/daly.png,200,41052
self_only_csp,/lab2/p5/results/,200,21759
self_only_csp,/search/search_index.json,200,93534
self_only_csp,/stylesheets/extra.css,200,1039
self_only_csp,/versions.json,404,0
